{
  "passed": 7,
  "failed": 1,
  "total_seconds": 6238.49108505249,
  "tests": {
    "T5.1": {
      "pass": true,
      "seconds": 2.5728988647460938
    },
    "T5.2": {
      "pass": true,
      "seconds": 1.422738790512085
    },
    "T5.3": {
      "pass": false,
      "seconds": 5983.071521997452
    },
    "T5.4": {
      "pass": true,
      "seconds": 4.180327892303467
    },
    "T5.5": {
      "pass": true,
      "seconds": 0.04520106315612793
    },
    "T5.6": {
      "pass": true,
      "seconds": 2.0810940265655518
    },
    "T5.8": {
      "pass": true,
      "seconds": 1.6502938270568848
    },
    "T5.9": {
      "pass": true,
      "seconds": 141.52874326705933
    }
  }
}