{
  "test_id": "T5.3",
  "runs": 12000,
  "phi1": 66.15833333333333,
  "phi2": 59.391666666666666,
  "phi3": 73.30833333333334,
  "pass": "False",
  "seconds": 5983.071521997452
}