{
  "test_id": "T5.11b",
  "test_name": "De-escalation on recovery",
  "n_runs": 9,
  "elapsed_seconds": 0.009014129638671875,
  "metrics": {
    "safe_dose": {
      "mean": 0.0,
      "std": 0.0,
      "median": 0.0,
      "ci_lower": 0.0,
      "ci_upper": 0.0,
      "min": 0.0,
      "max": 0.0,
      "n": 9
    },
    "action": {
      "mean": 1.6666666666666667,
      "std": 1.247219128924647,
      "median": 1.0,
      "ci_lower": 0.0,
      "ci_upper": 3.0,
      "min": 0.0,
      "max": 3.0,
      "n": 9
    },
    "glucose": {
      "mean": 72.77777777777777,
      "std": 22.98684540619689,
      "median": 65.0,
      "ci_lower": 46.0,
      "ci_upper": 116.0,
      "min": 45.0,
      "max": 120.0,
      "n": 9
    },
    "expected_zone": {
      "mean": 1.6666666666666667,
      "std": 0.9428090415820634,
      "median": 2.0,
      "ci_lower": 0.2,
      "ci_upper": 3.0,
      "min": 0.0,
      "max": 3.0,
      "n": 9
    }
  }
}