{
  "test_id": "T5.2b",
  "test_name": "Float boundary testing",
  "n_runs": 18,
  "elapsed_seconds": 0.019443035125732422,
  "metrics": {
    "action": {
      "mean": 1.8333333333333333,
      "std": 1.2133516482134197,
      "median": 2.0,
      "ci_lower": 0.0,
      "ci_upper": 3.0,
      "min": 0.0,
      "max": 3.0,
      "n": 18
    },
    "glucose": {
      "mean": 112.94444444444443,
      "std": 75.22430341778751,
      "median": 69.995,
      "ci_lower": 53.67,
      "ci_upper": 250.0575,
      "min": 53.5,
      "max": 250.1,
      "n": 18
    },
    "expected": {
      "mean": 1.8333333333333333,
      "std": 1.2133516482134197,
      "median": 2.0,
      "ci_lower": 0.0,
      "ci_upper": 3.0,
      "min": 0.0,
      "max": 3.0,
      "n": 18
    },
    "correct": {
      "mean": 1.0,
      "std": 0.0,
      "median": 1.0,
      "ci_lower": 1.0,
      "ci_upper": 1.0,
      "min": 1.0,
      "max": 1.0,
      "n": 18
    }
  }
}