{
  "test_id": "T5.3b",
  "test_name": "STL check on traces",
  "n_runs": 200,
  "elapsed_seconds": 0.01907515525817871,
  "metrics": {
    "hyper_satisfied": {
      "mean": 1.0,
      "std": 0.0,
      "median": 1.0,
      "ci_lower": 1.0,
      "ci_upper": 1.0,
      "min": 1.0,
      "max": 1.0,
      "n": 200
    },
    "robustness_hypo": {
      "mean": 32.6477171434976,
      "std": 43.15726431796502,
      "median": 31.104304665063445,
      "ci_lower": -46.159975468872155,
      "ci_upper": 105.5928107104548,
      "min": -81.83476727979507,
      "max": 117.01480284306166,
      "n": 200
    },
    "max_glucose": {
      "mean": 186.3161262578868,
      "std": 42.52989046266856,
      "median": 187.82065560202022,
      "ci_lower": 109.36581132278788,
      "ci_upper": 264.4505787785482,
      "min": 95.81302950927414,
      "max": 290.8363477595132,
      "n": 200
    },
    "base": {
      "mean": 136.81154766949163,
      "std": 36.205354923317024,
      "median": 138.6872927986991,
      "ci_lower": 75.08067173762575,
      "ci_upper": 197.4485399254144,
      "min": 72.19373759016875,
      "max": 199.42854623445578,
      "n": 200
    },
    "noise": {
      "mean": 17.346308144279618,
      "std": 7.378335020274705,
      "median": 17.08852591136291,
      "ci_lower": 5.523100598236832,
      "ci_upper": 29.61322221661048,
      "min": 5.114229240482108,
      "max": 29.932437768436614,
      "n": 200
    },
    "hypo_satisfied": {
      "mean": 0.75,
      "std": 0.4330127018922193,
      "median": 1.0,
      "ci_lower": 0.0,
      "ci_upper": 1.0,
      "min": 0.0,
      "max": 1.0,
      "n": 200
    },
    "min_glucose": {
      "mean": 86.64771714349762,
      "std": 43.15726431796502,
      "median": 85.10430466506344,
      "ci_lower": 7.8400245311278445,
      "ci_upper": 159.5928107104548,
      "min": -27.834767279795074,
      "max": 171.01480284306166,
      "n": 200
    }
  }
}