{
  "test_id": "T5.4b",
  "test_name": "Seldonian coverage MC",
  "n_runs": 500,
  "elapsed_seconds": 0.46118998527526855,
  "metrics": {
    "violation": {
      "mean": 0.0,
      "std": 0.0,
      "median": 0.0,
      "ci_lower": 0.0,
      "ci_upper": 0.0,
      "min": 0.0,
      "max": 0.0,
      "n": 500
    },
    "glucose": {
      "mean": 114.26765154887357,
      "std": 20.13514583420767,
      "median": 114.86092638070542,
      "ci_lower": 81.69399647800827,
      "ci_upper": 148.7512063374691,
      "min": 80.07784659373311,
      "max": 149.9534585981781,
      "n": 500
    },
    "safe_dose": {
      "mean": 0.0,
      "std": 0.0,
      "median": 0.0,
      "ci_lower": 0.0,
      "ci_upper": 0.0,
      "min": 0.0,
      "max": 0.0,
      "n": 500
    },
    "actual_glucose": {
      "mean": 114.20751924851712,
      "std": 28.303274346935773,
      "median": 114.18981677969117,
      "ci_lower": 64.66805175237981,
      "ci_upper": 168.521055915932,
      "min": 29.043709968482013,
      "max": 204.56067303103342,
      "n": 500
    },
    "dose": {
      "mean": 4.895306122341859,
      "std": 2.9687528720206524,
      "median": 4.7599532423734985,
      "ci_lower": 0.16938784707821422,
      "ci_upper": 9.7115060291615,
      "min": 0.004015440253398728,
      "max": 9.987500343913169,
      "n": 500
    }
  }
}