{
  "test_id": "T5.7",
  "test_name": "Safety check latency",
  "n_runs": 10,
  "elapsed_seconds": 8.605965852737427,
  "metrics": {
    "latency_ms": {
      "mean": 0.8830538008623989,
      "std": 0.1083808219108492,
      "median": 0.842022500364692,
      "ci_lower": 0.7630408774275566,
      "ci_upper": 1.0869483488022524,
      "min": 0.7531690025643911,
      "max": 1.0975939985655714,
      "n": 10
    },
    "batch": {
      "mean": 4500.0,
      "std": 2872.281323269014,
      "median": 4500.0,
      "ci_lower": 225.0,
      "ci_upper": 8775.0,
      "min": 0.0,
      "max": 9000.0,
      "n": 10
    }
  }
}