{
  "test_id": "T5.7",
  "test_name": "Safety check latency",
  "n_runs": 10,
  "elapsed_seconds": 12.577496767044067,
  "metrics": {
    "latency_ms": {
      "mean": 1.2251689997356152,
      "std": 0.1557800289866878,
      "median": 1.2998704996789456,
      "ci_lower": 0.8952366996709316,
      "ci_upper": 1.3472667002588423,
      "min": 0.8718339995539282,
      "max": 1.3522770004783524,
      "n": 10
    },
    "batch": {
      "mean": 4500.0,
      "std": 2872.281323269014,
      "median": 4500.0,
      "ci_lower": 225.0,
      "ci_upper": 8775.0,
      "min": 0.0,
      "max": 9000.0,
      "n": 10
    }
  }
}