{
  "test_id": "T5.8a",
  "test_name": "Wrong prediction +50%",
  "n_runs": 500,
  "elapsed_seconds": 0.4577813148498535,
  "metrics": {
    "safe": {
      "mean": 0.0,
      "std": 0.0,
      "median": 0.0,
      "ci_lower": 0.0,
      "ci_upper": 0.0,
      "min": 0.0,
      "max": 0.0,
      "n": 500
    },
    "safe_dose": {
      "mean": 0.0,
      "std": 0.0,
      "median": 0.0,
      "ci_lower": 0.0,
      "ci_upper": 0.0,
      "min": 0.0,
      "max": 0.0,
      "n": 500
    },
    "actual": {
      "mean": 120.11996445341242,
      "std": 44.46924625646896,
      "median": 118.57421560314144,
      "ci_lower": 53.04725204357188,
      "ci_upper": 195.13385703656638,
      "min": 50.759237576932804,
      "max": 199.4955255610858,
      "n": 500
    },
    "reported": {
      "mean": 180.17994668011863,
      "std": 66.70386938470345,
      "median": 177.86132340471215,
      "ci_lower": 79.57087806535782,
      "ci_upper": 292.7007855548496,
      "min": 76.1388563653992,
      "max": 299.2432883416287,
      "n": 500
    }
  }
}