{
  "test_id": "T5.8b",
  "test_name": "Wrong prediction -50%",
  "n_runs": 500,
  "elapsed_seconds": 0.743227481842041,
  "metrics": {
    "safe_dose": {
      "mean": 0.0,
      "std": 0.0,
      "median": 0.0,
      "ci_lower": 0.0,
      "ci_upper": 0.0,
      "min": 0.0,
      "max": 0.0,
      "n": 500
    },
    "predicted": {
      "mean": 91.42130726583576,
      "std": 32.61078058807724,
      "median": 90.2877581089704,
      "ci_lower": 42.23465149861938,
      "ci_upper": 146.43149516014867,
      "min": 40.556774223084055,
      "max": 149.6300520781296,
      "n": 500
    },
    "actual": {
      "mean": 182.84261453167153,
      "std": 65.22156117615448,
      "median": 180.5755162179408,
      "ci_lower": 84.46930299723876,
      "ci_upper": 292.86299032029734,
      "min": 81.11354844616811,
      "max": 299.2601041562592,
      "n": 500
    }
  }
}